product_id,image_url,storage_path,image_kind,sort_order
1,https://jygqfwpqcwnxdtipokqc.supabase.co/storage/v1/object/public/products/jeans/1.jpg,jeans/1.jpg,tryon,0
1,https://jygqfwpqcwnxdtipokqc.supabase.co/storage/v1/object/public/products/jeans/2.jpg,jeans/2.jpg,gallery,1
1,https://jygqfwpqcwnxdtipokqc.supabase.co/storage/v1/object/public/products/jeans/3.jpg,jeans/3.jpg,gallery,2
1,https://jygqfwpqcwnxdtipokqc.supabase.co/storage/v1/object/public/products/jeans/4.jpg,jeans/4.jpg,gallery,3
1,https://jygqfwpqcwnxdtipokqc.supabase.co/storage/v1/object/public/products/jeans/5.jpg,jeans/5.jpg,gallery,4
1,https://jygqfwpqcwnxdtipokqc.supabase.co/storage/v1/object/public/products/jeans/6.jpg,jeans/6.jpg,gallery,5
2,https://jygqfwpqcwnxdtipokqc.supabase.co/storage/v1/object/public/products/jeans/7.jpg,jeans/7.jpg,tryon,0
2,https://jygqfwpqcwnxdtipokqc.supabase.co/storage/v1/object/public/products/jeans/8.jpg,jeans/8.jpg,gallery,1
2,https://jygqfwpqcwnxdtipokqc.supabase.co/storage/v1/object/public/products/jeans/9.jpg,jeans/9.jpg,gallery,2
2,https://jygqfwpqcwnxdtipokqc.supabase.co/storage/v1/object/public/products/jeans/10.jpg,jeans/10.jpg,gallery,3
2,https://jygqfwpqcwnxdtipokqc.supabase.co/storage/v1/object/public/products/jeans/11.jpg,jeans/11.jpg,gallery,4
2,https://jygqfwpqcwnxdtipokqc.supabase.co/storage/v1/object/public/products/jeans/12.jpg,jeans/12.jpg,gallery,5
3,https://jygqfwpqcwnxdtipokqc.supabase.co/storage/v1/object/public/products/jeans/13.jpg,jeans/13.jpg,tryon,0
3,https://jygqfwpqcwnxdtipokqc.supabase.co/storage/v1/object/public/products/jeans/14.jpg,jeans/14.jpg,gallery,1
3,https://jygqfwpqcwnxdtipokqc.supabase.co/storage/v1/object/public/products/jeans/15.jpg,jeans/15.jpg,gallery,2
3,https://jygqfwpqcwnxdtipokqc.supabase.co/storage/v1/object/public/products/jeans/16.jpg,jeans/16.jpg,gallery,3
3,https://jygqfwpqcwnxdtipokqc.supabase.co/storage/v1/object/public/products/jeans/17.jpg,jeans/17.jpg,gallery,4
3,https://jygqfwpqcwnxdtipokqc.supabase.co/storage/v1/object/public/products/jeans/18.jpg,jeans/18.jpg,gallery,5
4,https://jygqfwpqcwnxdtipokqc.supabase.co/storage/v1/object/public/products/jeans/19.jpg,jeans/19.jpg,tryon,0
4,https://jygqfwpqcwnxdtipokqc.supabase.co/storage/v1/object/public/products/jeans/20.jpg,jeans/20.jpg,gallery,1
4,https://jygqfwpqcwnxdtipokqc.supabase.co/storage/v1/object/public/products/jeans/21.jpg,jeans/21.jpg,gallery,2
4,https://jygqfwpqcwnxdtipokqc.supabase.co/storage/v1/object/public/products/jeans/22.jpg,jeans/22.jpg,gallery,3
4,https://jygqfwpqcwnxdtipokqc.supabase.co/storage/v1/object/public/products/jeans/23.jpg,jeans/23.jpg,gallery,4
4,https://jygqfwpqcwnxdtipokqc.supabase.co/storage/v1/object/public/products/jeans/24.jpg,jeans/24.jpg,gallery,5
5,https://jygqfwpqcwnxdtipokqc.supabase.co/storage/v1/object/public/products/jeans/25.jpg,jeans/25.jpg,tryon,0
5,https://jygqfwpqcwnxdtipokqc.supabase.co/storage/v1/object/public/products/jeans/26.jpg,jeans/26.jpg,gallery,1
5,https://jygqfwpqcwnxdtipokqc.supabase.co/storage/v1/object/public/products/jeans/27.jpg,jeans/27.jpg,gallery,2
5,https://jygqfwpqcwnxdtipokqc.supabase.co/storage/v1/object/public/products/jeans/28.jpg,jeans/28.jpg,gallery,3
5,https://jygqfwpqcwnxdtipokqc.supabase.co/storage/v1/object/public/products/jeans/29.jpg,jeans/29.jpg,gallery,4
5,https://jygqfwpqcwnxdtipokqc.supabase.co/storage/v1/object/public/products/jeans/30.jpg,jeans/30.jpg,gallery,5
6,https://jygqfwpqcwnxdtipokqc.supabase.co/storage/v1/object/public/products/jeans/31.jpg,jeans/31.jpg,tryon,0
6,https://jygqfwpqcwnxdtipokqc.supabase.co/storage/v1/object/public/products/jeans/32.jpg,jeans/32.jpg,gallery,1
6,https://jygqfwpqcwnxdtipokqc.supabase.co/storage/v1/object/public/products/jeans/33.jpg,jeans/33.jpg,gallery,2
6,https://jygqfwpqcwnxdtipokqc.supabase.co/storage/v1/object/public/products/jeans/34.jpg,jeans/34.jpg,gallery,3
6,https://jygqfwpqcwnxdtipokqc.supabase.co/storage/v1/object/public/products/jeans/35.jpg,jeans/35.jpg,gallery,4
6,https://jygqfwpqcwnxdtipokqc.supabase.co/storage/v1/object/public/products/jeans/36.jpg,jeans/36.jpg,gallery,5
7,https://jygqfwpqcwnxdtipokqc.supabase.co/storage/v1/object/public/products/jeans/37.jpg,jeans/37.jpg,tryon,0
7,https://jygqfwpqcwnxdtipokqc.supabase.co/storage/v1/object/public/products/jeans/38.jpg,jeans/38.jpg,gallery,1
7,https://jygqfwpqcwnxdtipokqc.supabase.co/storage/v1/object/public/products/jeans/39.jpg,jeans/39.jpg,gallery,2
7,https://jygqfwpqcwnxdtipokqc.supabase.co/storage/v1/object/public/products/jeans/40.jpg,jeans/40.jpg,gallery,3
7,https://jygqfwpqcwnxdtipokqc.supabase.co/storage/v1/object/public/products/jeans/41.jpg,jeans/41.jpg,gallery,4
7,https://jygqfwpqcwnxdtipokqc.supabase.co/storage/v1/object/public/products/jeans/42.jpg,jeans/42.jpg,gallery,5
8,https://jygqfwpqcwnxdtipokqc.supabase.co/storage/v1/object/public/products/jeans/43.jpg,jeans/43.jpg,tryon,0
8,https://jygqfwpqcwnxdtipokqc.supabase.co/storage/v1/object/public/products/jeans/44.jpg,jeans/44.jpg,gallery,1
8,https://jygqfwpqcwnxdtipokqc.supabase.co/storage/v1/object/public/products/jeans/45.jpg,jeans/45.jpg,gallery,2
8,https://jygqfwpqcwnxdtipokqc.supabase.co/storage/v1/object/public/products/jeans/46.jpg,jeans/46.jpg,gallery,3
8,https://jygqfwpqcwnxdtipokqc.supabase.co/storage/v1/object/public/products/jeans/47.jpg,jeans/47.jpg,gallery,4
8,https://jygqfwpqcwnxdtipokqc.supabase.co/storage/v1/object/public/products/jeans/48.jpg,jeans/48.jpg,gallery,5
9,https://jygqfwpqcwnxdtipokqc.supabase.co/storage/v1/object/public/products/jeans/49.jpg,jeans/49.jpg,tryon,0
9,https://jygqfwpqcwnxdtipokqc.supabase.co/storage/v1/object/public/products/jeans/50.jpg,jeans/50.jpg,gallery,1
9,https://jygqfwpqcwnxdtipokqc.supabase.co/storage/v1/object/public/products/jeans/51.jpg,jeans/51.jpg,gallery,2
9,https://jygqfwpqcwnxdtipokqc.supabase.co/storage/v1/object/public/products/jeans/52.jpg,jeans/52.jpg,gallery,3
9,https://jygqfwpqcwnxdtipokqc.supabase.co/storage/v1/object/public/products/jeans/53.jpg,jeans/53.jpg,gallery,4
9,https://jygqfwpqcwnxdtipokqc.supabase.co/storage/v1/object/public/products/jeans/54.jpg,jeans/54.jpg,gallery,5
10,https://jygqfwpqcwnxdtipokqc.supabase.co/storage/v1/object/public/products/jeans/55.jpg,jeans/55.jpg,tryon,0
10,https://jygqfwpqcwnxdtipokqc.supabase.co/storage/v1/object/public/products/jeans/56.jpg,jeans/56.jpg,gallery,1
10,https://jygqfwpqcwnxdtipokqc.supabase.co/storage/v1/object/public/products/jeans/57.jpg,jeans/57.jpg,gallery,2
10,https://jygqfwpqcwnxdtipokqc.supabase.co/storage/v1/object/public/products/jeans/58.jpg,jeans/58.jpg,gallery,3
10,https://jygqfwpqcwnxdtipokqc.supabase.co/storage/v1/object/public/products/jeans/59.jpg,jeans/59.jpg,gallery,4
10,https://jygqfwpqcwnxdtipokqc.supabase.co/storage/v1/object/public/products/jeans/60.jpg,jeans/60.jpg,gallery,5
11,https://jygqfwpqcwnxdtipokqc.supabase.co/storage/v1/object/public/products/jeans/61.jpg,jeans/61.jpg,tryon,0
11,https://jygqfwpqcwnxdtipokqc.supabase.co/storage/v1/object/public/products/jeans/62.jpg,jeans/62.jpg,gallery,1
11,https://jygqfwpqcwnxdtipokqc.supabase.co/storage/v1/object/public/products/jeans/63.jpg,jeans/63.jpg,gallery,2
11,https://jygqfwpqcwnxdtipokqc.supabase.co/storage/v1/object/public/products/jeans/64.jpg,jeans/64.jpg,gallery,3
11,https://jygqfwpqcwnxdtipokqc.supabase.co/storage/v1/object/public/products/jeans/65.jpg,jeans/65.jpg,gallery,4
11,https://jygqfwpqcwnxdtipokqc.supabase.co/storage/v1/object/public/products/jeans/66.jpg,jeans/66.jpg,gallery,5
12,https://jygqfwpqcwnxdtipokqc.supabase.co/storage/v1/object/public/products/jeans/67.jpg,jeans/67.jpg,tryon,0
12,https://jygqfwpqcwnxdtipokqc.supabase.co/storage/v1/object/public/products/jeans/68.jpg,jeans/68.jpg,gallery,1
12,https://jygqfwpqcwnxdtipokqc.supabase.co/storage/v1/object/public/products/jeans/69.jpg,jeans/69.jpg,gallery,2
12,https://jygqfwpqcwnxdtipokqc.supabase.co/storage/v1/object/public/products/jeans/70.jpg,jeans/70.jpg,gallery,3
12,https://jygqfwpqcwnxdtipokqc.supabase.co/storage/v1/object/public/products/jeans/71.jpg,jeans/71.jpg,gallery,4
12,https://jygqfwpqcwnxdtipokqc.supabase.co/storage/v1/object/public/products/jeans/72.jpg,jeans/72.jpg,gallery,5
13,https://jygqfwpqcwnxdtipokqc.supabase.co/storage/v1/object/public/products/jeans/73.jpg,jeans/73.jpg,tryon,0
13,https://jygqfwpqcwnxdtipokqc.supabase.co/storage/v1/object/public/products/jeans/74.jpg,jeans/74.jpg,gallery,1
13,https://jygqfwpqcwnxdtipokqc.supabase.co/storage/v1/object/public/products/jeans/75.jpg,jeans/75.jpg,gallery,2
13,https://jygqfwpqcwnxdtipokqc.supabase.co/storage/v1/object/public/products/jeans/76.jpg,jeans/76.jpg,gallery,3
13,https://jygqfwpqcwnxdtipokqc.supabase.co/storage/v1/object/public/products/jeans/77.jpg,jeans/77.jpg,gallery,4
13,https://jygqfwpqcwnxdtipokqc.supabase.co/storage/v1/object/public/products/jeans/78.jpg,jeans/78.jpg,gallery,5
14,https://jygqfwpqcwnxdtipokqc.supabase.co/storage/v1/object/public/products/jeans/79.jpg,jeans/79.jpg,tryon,0
14,https://jygqfwpqcwnxdtipokqc.supabase.co/storage/v1/object/public/products/jeans/80.jpg,jeans/80.jpg,gallery,1
14,https://jygqfwpqcwnxdtipokqc.supabase.co/storage/v1/object/public/products/jeans/81.jpg,jeans/81.jpg,gallery,2
14,https://jygqfwpqcwnxdtipokqc.supabase.co/storage/v1/object/public/products/jeans/82.jpg,jeans/82.jpg,gallery,3
14,https://jygqfwpqcwnxdtipokqc.supabase.co/storage/v1/object/public/products/jeans/83.jpg,jeans/83.jpg,gallery,4
14,https://jygqfwpqcwnxdtipokqc.supabase.co/storage/v1/object/public/products/jeans/84.jpg,jeans/84.jpg,gallery,5
15,https://jygqfwpqcwnxdtipokqc.supabase.co/storage/v1/object/public/products/jeans/85.jpg,jeans/85.jpg,tryon,0
15,https://jygqfwpqcwnxdtipokqc.supabase.co/storage/v1/object/public/products/jeans/86.jpg,jeans/86.jpg,gallery,1
15,https://jygqfwpqcwnxdtipokqc.supabase.co/storage/v1/object/public/products/jeans/87.jpg,jeans/87.jpg,gallery,2
15,https://jygqfwpqcwnxdtipokqc.supabase.co/storage/v1/object/public/products/jeans/88.jpg,jeans/88.jpg,gallery,3
15,https://jygqfwpqcwnxdtipokqc.supabase.co/storage/v1/object/public/products/jeans/89.jpg,jeans/89.jpg,gallery,4
15,https://jygqfwpqcwnxdtipokqc.supabase.co/storage/v1/object/public/products/jeans/90.jpg,jeans/90.jpg,gallery,5
16,https://jygqfwpqcwnxdtipokqc.supabase.co/storage/v1/object/public/products/jeans/91.jpg,jeans/91.jpg,tryon,0
16,https://jygqfwpqcwnxdtipokqc.supabase.co/storage/v1/object/public/products/jeans/92.jpg,jeans/92.jpg,gallery,1
16,https://jygqfwpqcwnxdtipokqc.supabase.co/storage/v1/object/public/products/jeans/93.jpg,jeans/93.jpg,gallery,2
16,https://jygqfwpqcwnxdtipokqc.supabase.co/storage/v1/object/public/products/jeans/94.jpg,jeans/94.jpg,gallery,3
16,https://jygqfwpqcwnxdtipokqc.supabase.co/storage/v1/object/public/products/jeans/95.jpg,jeans/95.jpg,gallery,4
16,https://jygqfwpqcwnxdtipokqc.supabase.co/storage/v1/object/public/products/jeans/96.jpg,jeans/96.jpg,gallery,5
17,https://jygqfwpqcwnxdtipokqc.supabase.co/storage/v1/object/public/products/jeans/97.jpg,jeans/97.jpg,tryon,0
17,https://jygqfwpqcwnxdtipokqc.supabase.co/storage/v1/object/public/products/jeans/98.jpg,jeans/98.jpg,gallery,1
17,https://jygqfwpqcwnxdtipokqc.supabase.co/storage/v1/object/public/products/jeans/99.jpg,jeans/99.jpg,gallery,2
17,https://jygqfwpqcwnxdtipokqc.supabase.co/storage/v1/object/public/products/jeans/100.jpg,jeans/100.jpg,gallery,3
17,https://jygqfwpqcwnxdtipokqc.supabase.co/storage/v1/object/public/products/jeans/101.jpg,jeans/101.jpg,gallery,4
17,https://jygqfwpqcwnxdtipokqc.supabase.co/storage/v1/object/public/products/jeans/102.jpg,jeans/102.jpg,gallery,5
18,https://jygqfwpqcwnxdtipokqc.supabase.co/storage/v1/object/public/products/jeans/103.jpg,jeans/103.jpg,tryon,0
18,https://jygqfwpqcwnxdtipokqc.supabase.co/storage/v1/object/public/products/jeans/104.jpg,jeans/104.jpg,gallery,1
18,https://jygqfwpqcwnxdtipokqc.supabase.co/storage/v1/object/public/products/jeans/105.jpg,jeans/105.jpg,gallery,2
18,https://jygqfwpqcwnxdtipokqc.supabase.co/storage/v1/object/public/products/jeans/106.jpg,jeans/106.jpg,gallery,3
18,https://jygqfwpqcwnxdtipokqc.supabase.co/storage/v1/object/public/products/jeans/107.jpg,jeans/107.jpg,gallery,4
18,https://jygqfwpqcwnxdtipokqc.supabase.co/storage/v1/object/public/products/jeans/108.jpg,jeans/108.jpg,gallery,5
19,https://jygqfwpqcwnxdtipokqc.supabase.co/storage/v1/object/public/products/jeans/109.jpg,jeans/109.jpg,tryon,0
19,https://jygqfwpqcwnxdtipokqc.supabase.co/storage/v1/object/public/products/jeans/110.jpg,jeans/110.jpg,gallery,1
19,https://jygqfwpqcwnxdtipokqc.supabase.co/storage/v1/object/public/products/jeans/111.jpg,jeans/111.jpg,gallery,2
19,https://jygqfwpqcwnxdtipokqc.supabase.co/storage/v1/object/public/products/jeans/112.jpg,jeans/112.jpg,gallery,3
19,https://jygqfwpqcwnxdtipokqc.supabase.co/storage/v1/object/public/products/jeans/113.jpg,jeans/113.jpg,gallery,4
19,https://jygqfwpqcwnxdtipokqc.supabase.co/storage/v1/object/public/products/jeans/114.jpg,jeans/114.jpg,gallery,5
20,https://jygqfwpqcwnxdtipokqc.supabase.co/storage/v1/object/public/products/jeans/115.jpg,jeans/115.jpg,tryon,0
20,https://jygqfwpqcwnxdtipokqc.supabase.co/storage/v1/object/public/products/jeans/116.jpg,jeans/116.jpg,gallery,1
20,https://jygqfwpqcwnxdtipokqc.supabase.co/storage/v1/object/public/products/jeans/117.jpg,jeans/117.jpg,gallery,2
20,https://jygqfwpqcwnxdtipokqc.supabase.co/storage/v1/object/public/products/jeans/118.jpg,jeans/118.jpg,gallery,3
20,https://jygqfwpqcwnxdtipokqc.supabase.co/storage/v1/object/public/products/jeans/119.jpg,jeans/119.jpg,gallery,4
20,https://jygqfwpqcwnxdtipokqc.supabase.co/storage/v1/object/public/products/jeans/120.jpg,jeans/120.jpg,gallery,5
21,https://jygqfwpqcwnxdtipokqc.supabase.co/storage/v1/object/public/products/jeans/121.jpg,jeans/121.jpg,tryon,0
21,https://jygqfwpqcwnxdtipokqc.supabase.co/storage/v1/object/public/products/jeans/122.jpg,jeans/122.jpg,gallery,1
21,https://jygqfwpqcwnxdtipokqc.supabase.co/storage/v1/object/public/products/jeans/123.jpg,jeans/123.jpg,gallery,2
21,https://jygqfwpqcwnxdtipokqc.supabase.co/storage/v1/object/public/products/jeans/124.jpg,jeans/124.jpg,gallery,3
21,https://jygqfwpqcwnxdtipokqc.supabase.co/storage/v1/object/public/products/jeans/125.jpg,jeans/125.jpg,gallery,4
21,https://jygqfwpqcwnxdtipokqc.supabase.co/storage/v1/object/public/products/jeans/126.jpg,jeans/126.jpg,gallery,5
22,https://jygqfwpqcwnxdtipokqc.supabase.co/storage/v1/object/public/products/jeans/127.jpg,jeans/127.jpg,tryon,0
22,https://jygqfwpqcwnxdtipokqc.supabase.co/storage/v1/object/public/products/jeans/128.jpg,jeans/128.jpg,gallery,1
22,https://jygqfwpqcwnxdtipokqc.supabase.co/storage/v1/object/public/products/jeans/129.jpg,jeans/129.jpg,gallery,2
22,https://jygqfwpqcwnxdtipokqc.supabase.co/storage/v1/object/public/products/jeans/130.jpg,jeans/130.jpg,gallery,3
22,https://jygqfwpqcwnxdtipokqc.supabase.co/storage/v1/object/public/products/jeans/131.jpg,jeans/131.jpg,gallery,4
22,https://jygqfwpqcwnxdtipokqc.supabase.co/storage/v1/object/public/products/jeans/132.jpg,jeans/132.jpg,gallery,5
23,https://jygqfwpqcwnxdtipokqc.supabase.co/storage/v1/object/public/products/jeans/133.jpg,jeans/133.jpg,tryon,0
23,https://jygqfwpqcwnxdtipokqc.supabase.co/storage/v1/object/public/products/jeans/134.jpg,jeans/134.jpg,gallery,1
23,https://jygqfwpqcwnxdtipokqc.supabase.co/storage/v1/object/public/products/jeans/135.jpg,jeans/135.jpg,gallery,2
23,https://jygqfwpqcwnxdtipokqc.supabase.co/storage/v1/object/public/products/jeans/136.jpg,jeans/136.jpg,gallery,3
23,https://jygqfwpqcwnxdtipokqc.supabase.co/storage/v1/object/public/products/jeans/137.jpg,jeans/137.jpg,gallery,4
23,https://jygqfwpqcwnxdtipokqc.supabase.co/storage/v1/object/public/products/jeans/138.jpg,jeans/138.jpg,gallery,5
24,https://jygqfwpqcwnxdtipokqc.supabase.co/storage/v1/object/public/products/jeans/139.jpg,jeans/139.jpg,tryon,0
24,https://jygqfwpqcwnxdtipokqc.supabase.co/storage/v1/object/public/products/jeans/140.jpg,jeans/140.jpg,gallery,1
24,https://jygqfwpqcwnxdtipokqc.supabase.co/storage/v1/object/public/products/jeans/141.jpg,jeans/141.jpg,gallery,2
24,https://jygqfwpqcwnxdtipokqc.supabase.co/storage/v1/object/public/products/jeans/142.jpg,jeans/142.jpg,gallery,3
24,https://jygqfwpqcwnxdtipokqc.supabase.co/storage/v1/object/public/products/jeans/143.jpg,jeans/143.jpg,gallery,4
24,https://jygqfwpqcwnxdtipokqc.supabase.co/storage/v1/object/public/products/jeans/144.jpg,jeans/144.jpg,gallery,5
25,https://jygqfwpqcwnxdtipokqc.supabase.co/storage/v1/object/public/products/jeans/145.jpg,jeans/145.jpg,tryon,0
25,https://jygqfwpqcwnxdtipokqc.supabase.co/storage/v1/object/public/products/jeans/146.jpg,jeans/146.jpg,gallery,1
25,https://jygqfwpqcwnxdtipokqc.supabase.co/storage/v1/object/public/products/jeans/147.jpg,jeans/147.jpg,gallery,2
25,https://jygqfwpqcwnxdtipokqc.supabase.co/storage/v1/object/public/products/jeans/148.jpg,jeans/148.jpg,gallery,3
25,https://jygqfwpqcwnxdtipokqc.supabase.co/storage/v1/object/public/products/jeans/149.jpg,jeans/149.jpg,gallery,4
25,https://jygqfwpqcwnxdtipokqc.supabase.co/storage/v1/object/public/products/jeans/150.jpg,jeans/150.jpg,gallery,5
26,https://jygqfwpqcwnxdtipokqc.supabase.co/storage/v1/object/public/products/jeans/151.jpg,jeans/151.jpg,tryon,0
26,https://jygqfwpqcwnxdtipokqc.supabase.co/storage/v1/object/public/products/jeans/152.jpg,jeans/152.jpg,gallery,1
26,https://jygqfwpqcwnxdtipokqc.supabase.co/storage/v1/object/public/products/jeans/153.jpg,jeans/153.jpg,gallery,2
26,https://jygqfwpqcwnxdtipokqc.supabase.co/storage/v1/object/public/products/jeans/154.jpg,jeans/154.jpg,gallery,3
26,https://jygqfwpqcwnxdtipokqc.supabase.co/storage/v1/object/public/products/jeans/155.jpg,jeans/155.jpg,gallery,4
26,https://jygqfwpqcwnxdtipokqc.supabase.co/storage/v1/object/public/products/jeans/156.jpg,jeans/156.jpg,gallery,5
27,https://jygqfwpqcwnxdtipokqc.supabase.co/storage/v1/object/public/products/jeans/157.jpg,jeans/157.jpg,tryon,0
27,https://jygqfwpqcwnxdtipokqc.supabase.co/storage/v1/object/public/products/jeans/158.jpg,jeans/158.jpg,gallery,1
27,https://jygqfwpqcwnxdtipokqc.supabase.co/storage/v1/object/public/products/jeans/159.jpg,jeans/159.jpg,gallery,2
27,https://jygqfwpqcwnxdtipokqc.supabase.co/storage/v1/object/public/products/jeans/160.jpg,jeans/160.jpg,gallery,3
27,https://jygqfwpqcwnxdtipokqc.supabase.co/storage/v1/object/public/products/jeans/161.jpg,jeans/161.jpg,gallery,4
27,https://jygqfwpqcwnxdtipokqc.supabase.co/storage/v1/object/public/products/jeans/162.jpg,jeans/162.jpg,gallery,5
28,https://jygqfwpqcwnxdtipokqc.supabase.co/storage/v1/object/public/products/jeans/163.jpg,jeans/163.jpg,tryon,0
28,https://jygqfwpqcwnxdtipokqc.supabase.co/storage/v1/object/public/products/jeans/164.jpg,jeans/164.jpg,gallery,1
28,https://jygqfwpqcwnxdtipokqc.supabase.co/storage/v1/object/public/products/jeans/165.jpg,jeans/165.jpg,gallery,2
28,https://jygqfwpqcwnxdtipokqc.supabase.co/storage/v1/object/public/products/jeans/166.jpg,jeans/166.jpg,gallery,3
28,https://jygqfwpqcwnxdtipokqc.supabase.co/storage/v1/object/public/products/jeans/167.jpg,jeans/167.jpg,gallery,4
28,https://jygqfwpqcwnxdtipokqc.supabase.co/storage/v1/object/public/products/jeans/168.jpg,jeans/168.jpg,gallery,5
29,https://jygqfwpqcwnxdtipokqc.supabase.co/storage/v1/object/public/products/jeans/169.jpg,jeans/169.jpg,tryon,0
29,https://jygqfwpqcwnxdtipokqc.supabase.co/storage/v1/object/public/products/jeans/170.jpg,jeans/170.jpg,gallery,1
29,https://jygqfwpqcwnxdtipokqc.supabase.co/storage/v1/object/public/products/jeans/171.jpg,jeans/171.jpg,gallery,2
29,https://jygqfwpqcwnxdtipokqc.supabase.co/storage/v1/object/public/products/jeans/172.jpg,jeans/172.jpg,gallery,3
29,https://jygqfwpqcwnxdtipokqc.supabase.co/storage/v1/object/public/products/jeans/173.jpg,jeans/173.jpg,gallery,4
29,https://jygqfwpqcwnxdtipokqc.supabase.co/storage/v1/object/public/products/jeans/174.jpg,jeans/174.jpg,gallery,5
30,https://jygqfwpqcwnxdtipokqc.supabase.co/storage/v1/object/public/products/jeans/175.jpg,jeans/175.jpg,tryon,0
30,https://jygqfwpqcwnxdtipokqc.supabase.co/storage/v1/object/public/products/jeans/176.jpg,jeans/176.jpg,gallery,1
30,https://jygqfwpqcwnxdtipokqc.supabase.co/storage/v1/object/public/products/jeans/177.jpg,jeans/177.jpg,gallery,2
30,https://jygqfwpqcwnxdtipokqc.supabase.co/storage/v1/object/public/products/jeans/178.jpg,jeans/178.jpg,gallery,3
30,https://jygqfwpqcwnxdtipokqc.supabase.co/storage/v1/object/public/products/jeans/179.jpg,jeans/179.jpg,gallery,4
30,https://jygqfwpqcwnxdtipokqc.supabase.co/storage/v1/object/public/products/jeans/180.jpg,jeans/180.jpg,gallery,5
31,https://jygqfwpqcwnxdtipokqc.supabase.co/storage/v1/object/public/products/jeans/181.jpg,jeans/181.jpg,tryon,0
31,https://jygqfwpqcwnxdtipokqc.supabase.co/storage/v1/object/public/products/jeans/182.jpg,jeans/182.jpg,gallery,1
31,https://jygqfwpqcwnxdtipokqc.supabase.co/storage/v1/object/public/products/jeans/183.jpg,jeans/183.jpg,gallery,2
31,https://jygqfwpqcwnxdtipokqc.supabase.co/storage/v1/object/public/products/jeans/184.jpg,jeans/184.jpg,gallery,3
31,https://jygqfwpqcwnxdtipokqc.supabase.co/storage/v1/object/public/products/jeans/185.jpg,jeans/185.jpg,gallery,4
31,https://jygqfwpqcwnxdtipokqc.supabase.co/storage/v1/object/public/products/jeans/186.jpg,jeans/186.jpg,gallery,5
32,https://jygqfwpqcwnxdtipokqc.supabase.co/storage/v1/object/public/products/jeans/187.jpg,jeans/187.jpg,tryon,0
32,https://jygqfwpqcwnxdtipokqc.supabase.co/storage/v1/object/public/products/jeans/188.jpg,jeans/188.jpg,gallery,1
32,https://jygqfwpqcwnxdtipokqc.supabase.co/storage/v1/object/public/products/jeans/189.jpg,jeans/189.jpg,gallery,2
32,https://jygqfwpqcwnxdtipokqc.supabase.co/storage/v1/object/public/products/jeans/190.jpg,jeans/190.jpg,gallery,3
32,https://jygqfwpqcwnxdtipokqc.supabase.co/storage/v1/object/public/products/jeans/191.jpg,jeans/191.jpg,gallery,4
32,https://jygqfwpqcwnxdtipokqc.supabase.co/storage/v1/object/public/products/jeans/192.jpg,jeans/192.jpg,gallery,5
33,https://jygqfwpqcwnxdtipokqc.supabase.co/storage/v1/object/public/products/jeans/193.jpg,jeans/193.jpg,tryon,0
33,https://jygqfwpqcwnxdtipokqc.supabase.co/storage/v1/object/public/products/jeans/194.jpg,jeans/194.jpg,gallery,1
33,https://jygqfwpqcwnxdtipokqc.supabase.co/storage/v1/object/public/products/jeans/195.jpg,jeans/195.jpg,gallery,2
33,https://jygqfwpqcwnxdtipokqc.supabase.co/storage/v1/object/public/products/jeans/196.jpg,jeans/196.jpg,gallery,3
33,https://jygqfwpqcwnxdtipokqc.supabase.co/storage/v1/object/public/products/jeans/197.jpg,jeans/197.jpg,gallery,4
33,https://jygqfwpqcwnxdtipokqc.supabase.co/storage/v1/object/public/products/jeans/198.jpg,jeans/198.jpg,gallery,5
34,https://jygqfwpqcwnxdtipokqc.supabase.co/storage/v1/object/public/products/jeans/199.jpg,jeans/199.jpg,tryon,0
35,https://jygqfwpqcwnxdtipokqc.supabase.co/storage/v1/object/public/products/tshirt/1.jpg,tshirt/1.jpg,tryon,0
35,https://jygqfwpqcwnxdtipokqc.supabase.co/storage/v1/object/public/products/tshirt/2.jpg,tshirt/2.jpg,gallery,1
35,https://jygqfwpqcwnxdtipokqc.supabase.co/storage/v1/object/public/products/tshirt/3.jpg,tshirt/3.jpg,gallery,2
35,https://jygqfwpqcwnxdtipokqc.supabase.co/storage/v1/object/public/products/tshirt/4.jpg,tshirt/4.jpg,gallery,3
35,https://jygqfwpqcwnxdtipokqc.supabase.co/storage/v1/object/public/products/tshirt/5.jpg,tshirt/5.jpg,gallery,4
35,https://jygqfwpqcwnxdtipokqc.supabase.co/storage/v1/object/public/products/tshirt/6.jpg,tshirt/6.jpg,gallery,5
36,https://jygqfwpqcwnxdtipokqc.supabase.co/storage/v1/object/public/products/tshirt/7.jpg,tshirt/7.jpg,tryon,0
36,https://jygqfwpqcwnxdtipokqc.supabase.co/storage/v1/object/public/products/tshirt/8.jpg,tshirt/8.jpg,gallery,1
36,https://jygqfwpqcwnxdtipokqc.supabase.co/storage/v1/object/public/products/tshirt/9.jpg,tshirt/9.jpg,gallery,2
36,https://jygqfwpqcwnxdtipokqc.supabase.co/storage/v1/object/public/products/tshirt/10.jpg,tshirt/10.jpg,gallery,3
36,https://jygqfwpqcwnxdtipokqc.supabase.co/storage/v1/object/public/products/tshirt/11.jpg,tshirt/11.jpg,gallery,4
36,https://jygqfwpqcwnxdtipokqc.supabase.co/storage/v1/object/public/products/tshirt/12.jpg,tshirt/12.jpg,gallery,5
37,https://jygqfwpqcwnxdtipokqc.supabase.co/storage/v1/object/public/products/tshirt/13.jpg,tshirt/13.jpg,tryon,0
37,https://jygqfwpqcwnxdtipokqc.supabase.co/storage/v1/object/public/products/tshirt/14.jpg,tshirt/14.jpg,gallery,1
37,https://jygqfwpqcwnxdtipokqc.supabase.co/storage/v1/object/public/products/tshirt/15.jpg,tshirt/15.jpg,gallery,2
37,https://jygqfwpqcwnxdtipokqc.supabase.co/storage/v1/object/public/products/tshirt/16.jpg,tshirt/16.jpg,gallery,3
37,https://jygqfwpqcwnxdtipokqc.supabase.co/storage/v1/object/public/products/tshirt/17.jpg,tshirt/17.jpg,gallery,4
37,https://jygqfwpqcwnxdtipokqc.supabase.co/storage/v1/object/public/products/tshirt/18.jpg,tshirt/18.jpg,gallery,5
38,https://jygqfwpqcwnxdtipokqc.supabase.co/storage/v1/object/public/products/tshirt/19.jpg,tshirt/19.jpg,tryon,0
38,https://jygqfwpqcwnxdtipokqc.supabase.co/storage/v1/object/public/products/tshirt/20.jpg,tshirt/20.jpg,gallery,1
38,https://jygqfwpqcwnxdtipokqc.supabase.co/storage/v1/object/public/products/tshirt/21.jpg,tshirt/21.jpg,gallery,2
38,https://jygqfwpqcwnxdtipokqc.supabase.co/storage/v1/object/public/products/tshirt/22.jpg,tshirt/22.jpg,gallery,3
38,https://jygqfwpqcwnxdtipokqc.supabase.co/storage/v1/object/public/products/tshirt/23.jpg,tshirt/23.jpg,gallery,4
38,https://jygqfwpqcwnxdtipokqc.supabase.co/storage/v1/object/public/products/tshirt/24.jpg,tshirt/24.jpg,gallery,5
39,https://jygqfwpqcwnxdtipokqc.supabase.co/storage/v1/object/public/products/tshirt/25.jpg,tshirt/25.jpg,tryon,0
39,https://jygqfwpqcwnxdtipokqc.supabase.co/storage/v1/object/public/products/tshirt/26.jpg,tshirt/26.jpg,gallery,1
39,https://jygqfwpqcwnxdtipokqc.supabase.co/storage/v1/object/public/products/tshirt/27.jpg,tshirt/27.jpg,gallery,2
39,https://jygqfwpqcwnxdtipokqc.supabase.co/storage/v1/object/public/products/tshirt/28.jpg,tshirt/28.jpg,gallery,3
39,https://jygqfwpqcwnxdtipokqc.supabase.co/storage/v1/object/public/products/tshirt/29.jpg,tshirt/29.jpg,gallery,4
39,https://jygqfwpqcwnxdtipokqc.supabase.co/storage/v1/object/public/products/tshirt/30.jpg,tshirt/30.jpg,gallery,5
40,https://jygqfwpqcwnxdtipokqc.supabase.co/storage/v1/object/public/products/tshirt/31.jpg,tshirt/31.jpg,tryon,0
40,https://jygqfwpqcwnxdtipokqc.supabase.co/storage/v1/object/public/products/tshirt/32.jpg,tshirt/32.jpg,gallery,1
40,https://jygqfwpqcwnxdtipokqc.supabase.co/storage/v1/object/public/products/tshirt/33.jpg,tshirt/33.jpg,gallery,2
40,https://jygqfwpqcwnxdtipokqc.supabase.co/storage/v1/object/public/products/tshirt/34.jpg,tshirt/34.jpg,gallery,3
40,https://jygqfwpqcwnxdtipokqc.supabase.co/storage/v1/object/public/products/tshirt/35.jpg,tshirt/35.jpg,gallery,4
40,https://jygqfwpqcwnxdtipokqc.supabase.co/storage/v1/object/public/products/tshirt/36.jpg,tshirt/36.jpg,gallery,5
41,https://jygqfwpqcwnxdtipokqc.supabase.co/storage/v1/object/public/products/tshirt/37.jpg,tshirt/37.jpg,tryon,0
41,https://jygqfwpqcwnxdtipokqc.supabase.co/storage/v1/object/public/products/tshirt/38.jpg,tshirt/38.jpg,gallery,1
41,https://jygqfwpqcwnxdtipokqc.supabase.co/storage/v1/object/public/products/tshirt/39.jpg,tshirt/39.jpg,gallery,2
41,https://jygqfwpqcwnxdtipokqc.supabase.co/storage/v1/object/public/products/tshirt/40.jpg,tshirt/40.jpg,gallery,3
41,https://jygqfwpqcwnxdtipokqc.supabase.co/storage/v1/object/public/products/tshirt/41.jpg,tshirt/41.jpg,gallery,4
41,https://jygqfwpqcwnxdtipokqc.supabase.co/storage/v1/object/public/products/tshirt/42.jpg,tshirt/42.jpg,gallery,5
42,https://jygqfwpqcwnxdtipokqc.supabase.co/storage/v1/object/public/products/tshirt/43.jpg,tshirt/43.jpg,tryon,0
42,https://jygqfwpqcwnxdtipokqc.supabase.co/storage/v1/object/public/products/tshirt/44.jpg,tshirt/44.jpg,gallery,1
42,https://jygqfwpqcwnxdtipokqc.supabase.co/storage/v1/object/public/products/tshirt/45.jpg,tshirt/45.jpg,gallery,2
42,https://jygqfwpqcwnxdtipokqc.supabase.co/storage/v1/object/public/products/tshirt/46.jpg,tshirt/46.jpg,gallery,3
42,https://jygqfwpqcwnxdtipokqc.supabase.co/storage/v1/object/public/products/tshirt/47.jpg,tshirt/47.jpg,gallery,4
42,https://jygqfwpqcwnxdtipokqc.supabase.co/storage/v1/object/public/products/tshirt/48.jpg,tshirt/48.jpg,gallery,5
43,https://jygqfwpqcwnxdtipokqc.supabase.co/storage/v1/object/public/products/tshirt/49.jpg,tshirt/49.jpg,tryon,0
43,https://jygqfwpqcwnxdtipokqc.supabase.co/storage/v1/object/public/products/tshirt/50.jpg,tshirt/50.jpg,gallery,1
43,https://jygqfwpqcwnxdtipokqc.supabase.co/storage/v1/object/public/products/tshirt/51.jpg,tshirt/51.jpg,gallery,2
43,https://jygqfwpqcwnxdtipokqc.supabase.co/storage/v1/object/public/products/tshirt/52.jpg,tshirt/52.jpg,gallery,3
43,https://jygqfwpqcwnxdtipokqc.supabase.co/storage/v1/object/public/products/tshirt/53.jpg,tshirt/53.jpg,gallery,4
43,https://jygqfwpqcwnxdtipokqc.supabase.co/storage/v1/object/public/products/tshirt/54.jpg,tshirt/54.jpg,gallery,5
44,https://jygqfwpqcwnxdtipokqc.supabase.co/storage/v1/object/public/products/tshirt/55.jpg,tshirt/55.jpg,tryon,0
44,https://jygqfwpqcwnxdtipokqc.supabase.co/storage/v1/object/public/products/tshirt/56.jpg,tshirt/56.jpg,gallery,1
44,https://jygqfwpqcwnxdtipokqc.supabase.co/storage/v1/object/public/products/tshirt/57.jpg,tshirt/57.jpg,gallery,2
44,https://jygqfwpqcwnxdtipokqc.supabase.co/storage/v1/object/public/products/tshirt/58.jpg,tshirt/58.jpg,gallery,3
44,https://jygqfwpqcwnxdtipokqc.supabase.co/storage/v1/object/public/products/tshirt/59.jpg,tshirt/59.jpg,gallery,4
44,https://jygqfwpqcwnxdtipokqc.supabase.co/storage/v1/object/public/products/tshirt/60.jpg,tshirt/60.jpg,gallery,5
45,https://jygqfwpqcwnxdtipokqc.supabase.co/storage/v1/object/public/products/tshirt/61.jpg,tshirt/61.jpg,tryon,0
45,https://jygqfwpqcwnxdtipokqc.supabase.co/storage/v1/object/public/products/tshirt/62.jpg,tshirt/62.jpg,gallery,1
45,https://jygqfwpqcwnxdtipokqc.supabase.co/storage/v1/object/public/products/tshirt/63.jpg,tshirt/63.jpg,gallery,2
45,https://jygqfwpqcwnxdtipokqc.supabase.co/storage/v1/object/public/products/tshirt/64.jpg,tshirt/64.jpg,gallery,3
45,https://jygqfwpqcwnxdtipokqc.supabase.co/storage/v1/object/public/products/tshirt/65.jpg,tshirt/65.jpg,gallery,4
45,https://jygqfwpqcwnxdtipokqc.supabase.co/storage/v1/object/public/products/tshirt/66.jpg,tshirt/66.jpg,gallery,5
46,https://jygqfwpqcwnxdtipokqc.supabase.co/storage/v1/object/public/products/tshirt/67.jpg,tshirt/67.jpg,tryon,0
46,https://jygqfwpqcwnxdtipokqc.supabase.co/storage/v1/object/public/products/tshirt/68.jpg,tshirt/68.jpg,gallery,1
46,https://jygqfwpqcwnxdtipokqc.supabase.co/storage/v1/object/public/products/tshirt/69.jpg,tshirt/69.jpg,gallery,2
46,https://jygqfwpqcwnxdtipokqc.supabase.co/storage/v1/object/public/products/tshirt/70.jpg,tshirt/70.jpg,gallery,3
46,https://jygqfwpqcwnxdtipokqc.supabase.co/storage/v1/object/public/products/tshirt/71.jpg,tshirt/71.jpg,gallery,4
46,https://jygqfwpqcwnxdtipokqc.supabase.co/storage/v1/object/public/products/tshirt/72.jpg,tshirt/72.jpg,gallery,5
47,https://jygqfwpqcwnxdtipokqc.supabase.co/storage/v1/object/public/products/tshirt/73.jpg,tshirt/73.jpg,tryon,0
47,https://jygqfwpqcwnxdtipokqc.supabase.co/storage/v1/object/public/products/tshirt/74.jpg,tshirt/74.jpg,gallery,1
47,https://jygqfwpqcwnxdtipokqc.supabase.co/storage/v1/object/public/products/tshirt/75.jpg,tshirt/75.jpg,gallery,2
47,https://jygqfwpqcwnxdtipokqc.supabase.co/storage/v1/object/public/products/tshirt/76.jpg,tshirt/76.jpg,gallery,3
47,https://jygqfwpqcwnxdtipokqc.supabase.co/storage/v1/object/public/products/tshirt/77.jpg,tshirt/77.jpg,gallery,4
47,https://jygqfwpqcwnxdtipokqc.supabase.co/storage/v1/object/public/products/tshirt/78.jpg,tshirt/78.jpg,gallery,5
48,https://jygqfwpqcwnxdtipokqc.supabase.co/storage/v1/object/public/products/tshirt/79.jpg,tshirt/79.jpg,tryon,0
48,https://jygqfwpqcwnxdtipokqc.supabase.co/storage/v1/object/public/products/tshirt/80.jpg,tshirt/80.jpg,gallery,1
48,https://jygqfwpqcwnxdtipokqc.supabase.co/storage/v1/object/public/products/tshirt/81.jpg,tshirt/81.jpg,gallery,2
48,https://jygqfwpqcwnxdtipokqc.supabase.co/storage/v1/object/public/products/tshirt/82.jpg,tshirt/82.jpg,gallery,3
48,https://jygqfwpqcwnxdtipokqc.supabase.co/storage/v1/object/public/products/tshirt/83.jpg,tshirt/83.jpg,gallery,4
48,https://jygqfwpqcwnxdtipokqc.supabase.co/storage/v1/object/public/products/tshirt/84.jpg,tshirt/84.jpg,gallery,5
49,https://jygqfwpqcwnxdtipokqc.supabase.co/storage/v1/object/public/products/tshirt/85.jpg,tshirt/85.jpg,tryon,0
49,https://jygqfwpqcwnxdtipokqc.supabase.co/storage/v1/object/public/products/tshirt/86.jpg,tshirt/86.jpg,gallery,1
49,https://jygqfwpqcwnxdtipokqc.supabase.co/storage/v1/object/public/products/tshirt/87.jpg,tshirt/87.jpg,gallery,2
49,https://jygqfwpqcwnxdtipokqc.supabase.co/storage/v1/object/public/products/tshirt/88.jpg,tshirt/88.jpg,gallery,3
49,https://jygqfwpqcwnxdtipokqc.supabase.co/storage/v1/object/public/products/tshirt/89.jpg,tshirt/89.jpg,gallery,4
49,https://jygqfwpqcwnxdtipokqc.supabase.co/storage/v1/object/public/products/tshirt/90.jpg,tshirt/90.jpg,gallery,5
50,https://jygqfwpqcwnxdtipokqc.supabase.co/storage/v1/object/public/products/tshirt/91.jpg,tshirt/91.jpg,tryon,0
50,https://jygqfwpqcwnxdtipokqc.supabase.co/storage/v1/object/public/products/tshirt/92.jpg,tshirt/92.jpg,gallery,1
50,https://jygqfwpqcwnxdtipokqc.supabase.co/storage/v1/object/public/products/tshirt/93.jpg,tshirt/93.jpg,gallery,2
50,https://jygqfwpqcwnxdtipokqc.supabase.co/storage/v1/object/public/products/tshirt/94.jpg,tshirt/94.jpg,gallery,3
50,https://jygqfwpqcwnxdtipokqc.supabase.co/storage/v1/object/public/products/tshirt/95.jpg,tshirt/95.jpg,gallery,4
50,https://jygqfwpqcwnxdtipokqc.supabase.co/storage/v1/object/public/products/tshirt/96.jpg,tshirt/96.jpg,gallery,5
51,https://jygqfwpqcwnxdtipokqc.supabase.co/storage/v1/object/public/products/tshirt/97.jpg,tshirt/97.jpg,tryon,0
51,https://jygqfwpqcwnxdtipokqc.supabase.co/storage/v1/object/public/products/tshirt/98.jpg,tshirt/98.jpg,gallery,1
51,https://jygqfwpqcwnxdtipokqc.supabase.co/storage/v1/object/public/products/tshirt/99.jpg,tshirt/99.jpg,gallery,2
51,https://jygqfwpqcwnxdtipokqc.supabase.co/storage/v1/object/public/products/tshirt/100.jpg,tshirt/100.jpg,gallery,3
51,https://jygqfwpqcwnxdtipokqc.supabase.co/storage/v1/object/public/products/tshirt/101.jpg,tshirt/101.jpg,gallery,4
51,https://jygqfwpqcwnxdtipokqc.supabase.co/storage/v1/object/public/products/tshirt/102.jpg,tshirt/102.jpg,gallery,5
52,https://jygqfwpqcwnxdtipokqc.supabase.co/storage/v1/object/public/products/tshirt/103.jpg,tshirt/103.jpg,tryon,0
52,https://jygqfwpqcwnxdtipokqc.supabase.co/storage/v1/object/public/products/tshirt/104.jpg,tshirt/104.jpg,gallery,1
52,https://jygqfwpqcwnxdtipokqc.supabase.co/storage/v1/object/public/products/tshirt/105.jpg,tshirt/105.jpg,gallery,2
52,https://jygqfwpqcwnxdtipokqc.supabase.co/storage/v1/object/public/products/tshirt/106.jpg,tshirt/106.jpg,gallery,3
52,https://jygqfwpqcwnxdtipokqc.supabase.co/storage/v1/object/public/products/tshirt/107.jpg,tshirt/107.jpg,gallery,4
52,https://jygqfwpqcwnxdtipokqc.supabase.co/storage/v1/object/public/products/tshirt/108.jpg,tshirt/108.jpg,gallery,5
53,https://jygqfwpqcwnxdtipokqc.supabase.co/storage/v1/object/public/products/tshirt/109.jpg,tshirt/109.jpg,tryon,0
53,https://jygqfwpqcwnxdtipokqc.supabase.co/storage/v1/object/public/products/tshirt/110.jpg,tshirt/110.jpg,gallery,1
53,https://jygqfwpqcwnxdtipokqc.supabase.co/storage/v1/object/public/products/tshirt/111.jpg,tshirt/111.jpg,gallery,2
53,https://jygqfwpqcwnxdtipokqc.supabase.co/storage/v1/object/public/products/tshirt/112.jpg,tshirt/112.jpg,gallery,3
53,https://jygqfwpqcwnxdtipokqc.supabase.co/storage/v1/object/public/products/tshirt/113.jpg,tshirt/113.jpg,gallery,4
53,https://jygqfwpqcwnxdtipokqc.supabase.co/storage/v1/object/public/products/tshirt/114.jpg,tshirt/114.jpg,gallery,5
54,https://jygqfwpqcwnxdtipokqc.supabase.co/storage/v1/object/public/products/tshirt/115.jpg,tshirt/115.jpg,tryon,0
54,https://jygqfwpqcwnxdtipokqc.supabase.co/storage/v1/object/public/products/tshirt/116.jpg,tshirt/116.jpg,gallery,1
54,https://jygqfwpqcwnxdtipokqc.supabase.co/storage/v1/object/public/products/tshirt/117.jpg,tshirt/117.jpg,gallery,2
54,https://jygqfwpqcwnxdtipokqc.supabase.co/storage/v1/object/public/products/tshirt/118.jpg,tshirt/118.jpg,gallery,3
54,https://jygqfwpqcwnxdtipokqc.supabase.co/storage/v1/object/public/products/tshirt/119.jpg,tshirt/119.jpg,gallery,4
54,https://jygqfwpqcwnxdtipokqc.supabase.co/storage/v1/object/public/products/tshirt/120.jpg,tshirt/120.jpg,gallery,5
55,https://jygqfwpqcwnxdtipokqc.supabase.co/storage/v1/object/public/products/tshirt/121.jpg,tshirt/121.jpg,tryon,0
55,https://jygqfwpqcwnxdtipokqc.supabase.co/storage/v1/object/public/products/tshirt/122.jpg,tshirt/122.jpg,gallery,1
55,https://jygqfwpqcwnxdtipokqc.supabase.co/storage/v1/object/public/products/tshirt/123.jpg,tshirt/123.jpg,gallery,2
55,https://jygqfwpqcwnxdtipokqc.supabase.co/storage/v1/object/public/products/tshirt/124.jpg,tshirt/124.jpg,gallery,3
55,https://jygqfwpqcwnxdtipokqc.supabase.co/storage/v1/object/public/products/tshirt/125.jpg,tshirt/125.jpg,gallery,4
55,https://jygqfwpqcwnxdtipokqc.supabase.co/storage/v1/object/public/products/tshirt/126.jpg,tshirt/126.jpg,gallery,5
56,https://jygqfwpqcwnxdtipokqc.supabase.co/storage/v1/object/public/products/tshirt/127.jpg,tshirt/127.jpg,tryon,0
56,https://jygqfwpqcwnxdtipokqc.supabase.co/storage/v1/object/public/products/tshirt/128.jpg,tshirt/128.jpg,gallery,1
56,https://jygqfwpqcwnxdtipokqc.supabase.co/storage/v1/object/public/products/tshirt/129.jpg,tshirt/129.jpg,gallery,2
56,https://jygqfwpqcwnxdtipokqc.supabase.co/storage/v1/object/public/products/tshirt/130.jpg,tshirt/130.jpg,gallery,3
56,https://jygqfwpqcwnxdtipokqc.supabase.co/storage/v1/object/public/products/tshirt/131.jpg,tshirt/131.jpg,gallery,4
56,https://jygqfwpqcwnxdtipokqc.supabase.co/storage/v1/object/public/products/tshirt/132.jpg,tshirt/132.jpg,gallery,5
57,https://jygqfwpqcwnxdtipokqc.supabase.co/storage/v1/object/public/products/tshirt/133.jpg,tshirt/133.jpg,tryon,0
57,https://jygqfwpqcwnxdtipokqc.supabase.co/storage/v1/object/public/products/tshirt/134.jpg,tshirt/134.jpg,gallery,1
57,https://jygqfwpqcwnxdtipokqc.supabase.co/storage/v1/object/public/products/tshirt/135.jpg,tshirt/135.jpg,gallery,2
57,https://jygqfwpqcwnxdtipokqc.supabase.co/storage/v1/object/public/products/tshirt/136.jpg,tshirt/136.jpg,gallery,3
57,https://jygqfwpqcwnxdtipokqc.supabase.co/storage/v1/object/public/products/tshirt/137.jpg,tshirt/137.jpg,gallery,4
57,https://jygqfwpqcwnxdtipokqc.supabase.co/storage/v1/object/public/products/tshirt/138.jpg,tshirt/138.jpg,gallery,5
58,https://jygqfwpqcwnxdtipokqc.supabase.co/storage/v1/object/public/products/tshirt/139.jpg,tshirt/139.jpg,tryon,0
58,https://jygqfwpqcwnxdtipokqc.supabase.co/storage/v1/object/public/products/tshirt/140.jpg,tshirt/140.jpg,gallery,1
58,https://jygqfwpqcwnxdtipokqc.supabase.co/storage/v1/object/public/products/tshirt/141.jpg,tshirt/141.jpg,gallery,2
58,https://jygqfwpqcwnxdtipokqc.supabase.co/storage/v1/object/public/products/tshirt/142.jpg,tshirt/142.jpg,gallery,3
58,https://jygqfwpqcwnxdtipokqc.supabase.co/storage/v1/object/public/products/tshirt/143.jpg,tshirt/143.jpg,gallery,4
58,https://jygqfwpqcwnxdtipokqc.supabase.co/storage/v1/object/public/products/tshirt/144.jpg,tshirt/144.jpg,gallery,5
59,https://jygqfwpqcwnxdtipokqc.supabase.co/storage/v1/object/public/products/tshirt/145.jpg,tshirt/145.jpg,tryon,0
59,https://jygqfwpqcwnxdtipokqc.supabase.co/storage/v1/object/public/products/tshirt/146.jpg,tshirt/146.jpg,gallery,1
59,https://jygqfwpqcwnxdtipokqc.supabase.co/storage/v1/object/public/products/tshirt/147.jpg,tshirt/147.jpg,gallery,2
59,https://jygqfwpqcwnxdtipokqc.supabase.co/storage/v1/object/public/products/tshirt/148.jpg,tshirt/148.jpg,gallery,3
59,https://jygqfwpqcwnxdtipokqc.supabase.co/storage/v1/object/public/products/tshirt/149.jpg,tshirt/149.jpg,gallery,4
59,https://jygqfwpqcwnxdtipokqc.supabase.co/storage/v1/object/public/products/tshirt/150.jpg,tshirt/150.jpg,gallery,5
60,https://jygqfwpqcwnxdtipokqc.supabase.co/storage/v1/object/public/products/tshirt/151.jpg,tshirt/151.jpg,tryon,0
60,https://jygqfwpqcwnxdtipokqc.supabase.co/storage/v1/object/public/products/tshirt/152.jpg,tshirt/152.jpg,gallery,1
60,https://jygqfwpqcwnxdtipokqc.supabase.co/storage/v1/object/public/products/tshirt/153.jpg,tshirt/153.jpg,gallery,2
60,https://jygqfwpqcwnxdtipokqc.supabase.co/storage/v1/object/public/products/tshirt/154.jpg,tshirt/154.jpg,gallery,3
60,https://jygqfwpqcwnxdtipokqc.supabase.co/storage/v1/object/public/products/tshirt/155.jpg,tshirt/155.jpg,gallery,4
60,https://jygqfwpqcwnxdtipokqc.supabase.co/storage/v1/object/public/products/tshirt/156.jpg,tshirt/156.jpg,gallery,5
61,https://jygqfwpqcwnxdtipokqc.supabase.co/storage/v1/object/public/products/tshirt/157.jpg,tshirt/157.jpg,tryon,0
61,https://jygqfwpqcwnxdtipokqc.supabase.co/storage/v1/object/public/products/tshirt/158.jpg,tshirt/158.jpg,gallery,1
61,https://jygqfwpqcwnxdtipokqc.supabase.co/storage/v1/object/public/products/tshirt/159.jpg,tshirt/159.jpg,gallery,2
61,https://jygqfwpqcwnxdtipokqc.supabase.co/storage/v1/object/public/products/tshirt/160.jpg,tshirt/160.jpg,gallery,3
61,https://jygqfwpqcwnxdtipokqc.supabase.co/storage/v1/object/public/products/tshirt/161.jpg,tshirt/161.jpg,gallery,4
61,https://jygqfwpqcwnxdtipokqc.supabase.co/storage/v1/object/public/products/tshirt/162.jpg,tshirt/162.jpg,gallery,5
62,https://jygqfwpqcwnxdtipokqc.supabase.co/storage/v1/object/public/products/tshirt/163.jpg,tshirt/163.jpg,tryon,0
62,https://jygqfwpqcwnxdtipokqc.supabase.co/storage/v1/object/public/products/tshirt/164.jpg,tshirt/164.jpg,gallery,1
62,https://jygqfwpqcwnxdtipokqc.supabase.co/storage/v1/object/public/products/tshirt/165.jpg,tshirt/165.jpg,gallery,2
62,https://jygqfwpqcwnxdtipokqc.supabase.co/storage/v1/object/public/products/tshirt/166.jpg,tshirt/166.jpg,gallery,3
62,https://jygqfwpqcwnxdtipokqc.supabase.co/storage/v1/object/public/products/tshirt/167.jpg,tshirt/167.jpg,gallery,4
62,https://jygqfwpqcwnxdtipokqc.supabase.co/storage/v1/object/public/products/tshirt/168.jpg,tshirt/168.jpg,gallery,5
63,https://jygqfwpqcwnxdtipokqc.supabase.co/storage/v1/object/public/products/tshirt/169.jpg,tshirt/169.jpg,tryon,0
63,https://jygqfwpqcwnxdtipokqc.supabase.co/storage/v1/object/public/products/tshirt/170.jpg,tshirt/170.jpg,gallery,1
63,https://jygqfwpqcwnxdtipokqc.supabase.co/storage/v1/object/public/products/tshirt/171.jpg,tshirt/171.jpg,gallery,2
63,https://jygqfwpqcwnxdtipokqc.supabase.co/storage/v1/object/public/products/tshirt/172.jpg,tshirt/172.jpg,gallery,3
63,https://jygqfwpqcwnxdtipokqc.supabase.co/storage/v1/object/public/products/tshirt/173.jpg,tshirt/173.jpg,gallery,4
63,https://jygqfwpqcwnxdtipokqc.supabase.co/storage/v1/object/public/products/tshirt/174.jpg,tshirt/174.jpg,gallery,5
64,https://jygqfwpqcwnxdtipokqc.supabase.co/storage/v1/object/public/products/tshirt/175.jpg,tshirt/175.jpg,tryon,0
64,https://jygqfwpqcwnxdtipokqc.supabase.co/storage/v1/object/public/products/tshirt/176.jpg,tshirt/176.jpg,gallery,1
64,https://jygqfwpqcwnxdtipokqc.supabase.co/storage/v1/object/public/products/tshirt/177.jpg,tshirt/177.jpg,gallery,2
64,https://jygqfwpqcwnxdtipokqc.supabase.co/storage/v1/object/public/products/tshirt/178.jpg,tshirt/178.jpg,gallery,3
64,https://jygqfwpqcwnxdtipokqc.supabase.co/storage/v1/object/public/products/tshirt/179.jpg,tshirt/179.jpg,gallery,4
64,https://jygqfwpqcwnxdtipokqc.supabase.co/storage/v1/object/public/products/tshirt/180.jpg,tshirt/180.jpg,gallery,5
65,https://jygqfwpqcwnxdtipokqc.supabase.co/storage/v1/object/public/products/tshirt/181.jpg,tshirt/181.jpg,tryon,0
65,https://jygqfwpqcwnxdtipokqc.supabase.co/storage/v1/object/public/products/tshirt/182.jpg,tshirt/182.jpg,gallery,1
65,https://jygqfwpqcwnxdtipokqc.supabase.co/storage/v1/object/public/products/tshirt/183.jpg,tshirt/183.jpg,gallery,2
65,https://jygqfwpqcwnxdtipokqc.supabase.co/storage/v1/object/public/products/tshirt/184.jpg,tshirt/184.jpg,gallery,3
65,https://jygqfwpqcwnxdtipokqc.supabase.co/storage/v1/object/public/products/tshirt/185.jpg,tshirt/185.jpg,gallery,4
65,https://jygqfwpqcwnxdtipokqc.supabase.co/storage/v1/object/public/products/tshirt/186.jpg,tshirt/186.jpg,gallery,5
66,https://jygqfwpqcwnxdtipokqc.supabase.co/storage/v1/object/public/products/tshirt/187.jpg,tshirt/187.jpg,tryon,0
66,https://jygqfwpqcwnxdtipokqc.supabase.co/storage/v1/object/public/products/tshirt/188.jpg,tshirt/188.jpg,gallery,1
66,https://jygqfwpqcwnxdtipokqc.supabase.co/storage/v1/object/public/products/tshirt/189.jpg,tshirt/189.jpg,gallery,2
66,https://jygqfwpqcwnxdtipokqc.supabase.co/storage/v1/object/public/products/tshirt/190.jpg,tshirt/190.jpg,gallery,3
66,https://jygqfwpqcwnxdtipokqc.supabase.co/storage/v1/object/public/products/tshirt/191.jpg,tshirt/191.jpg,gallery,4
66,https://jygqfwpqcwnxdtipokqc.supabase.co/storage/v1/object/public/products/tshirt/192.jpg,tshirt/192.jpg,gallery,5
67,https://jygqfwpqcwnxdtipokqc.supabase.co/storage/v1/object/public/products/tshirt/193.jpg,tshirt/193.jpg,tryon,0
67,https://jygqfwpqcwnxdtipokqc.supabase.co/storage/v1/object/public/products/tshirt/194.jpg,tshirt/194.jpg,gallery,1
67,https://jygqfwpqcwnxdtipokqc.supabase.co/storage/v1/object/public/products/tshirt/195.jpg,tshirt/195.jpg,gallery,2
67,https://jygqfwpqcwnxdtipokqc.supabase.co/storage/v1/object/public/products/tshirt/196.jpg,tshirt/196.jpg,gallery,3
67,https://jygqfwpqcwnxdtipokqc.supabase.co/storage/v1/object/public/products/tshirt/197.jpg,tshirt/197.jpg,gallery,4
67,https://jygqfwpqcwnxdtipokqc.supabase.co/storage/v1/object/public/products/tshirt/198.jpg,tshirt/198.jpg,gallery,5
68,https://jygqfwpqcwnxdtipokqc.supabase.co/storage/v1/object/public/products/tshirt/199.jpg,tshirt/199.jpg,tryon,0
